Workbook

Sheet Дашборд
A1: Проверка ОСВ (демо)
A2: Сбалансированность оборотов и арифметика сальдо.
A3: Итог оборот Дт, ₽ | C3: Итог оборот Кт, ₽ | E3: Разница Дт−Кт, ₽
A4: =SUM('ОСВ'!$D$4:$D$200) | C4: =SUM('ОСВ'!$E$4:$E$200) | E4: =SUM('ОСВ'!$D$4:$D$200)-SUM('ОСВ'!$E$4:$E$200)
A5: Сальдо нач. Дт−Кт | C5: Сальдо кон. Дт−Кт
A6: =SUM('ОСВ'!$B$4:$B$200)-SUM('ОСВ'!$C$4:$C$200) | C6: =SUM('ОСВ'!$F$4:$F$200)-SUM('ОСВ'!$G$4:$G$200)
A7: ➤ Баланс выполнен, если разницы = 0 и сальдо кон. = сальдо нач. + обороты.

Sheet ОСВ
A3: Счёт | B3: Сальдо нач. Дт, ₽ | C3: Сальдо нач. Кт, ₽ | D3: Оборот Дт, ₽ | E3: Оборот Кт, ₽ | F3: Сальдо кон. Дт, ₽ | G3: Сальдо кон. Кт, ₽ | H3: Статус | I3: Проверка
A4: 01 | C4: 0 | D4: 0 | E4: 500000 | F4: 0 | G4: 500000 | H4: Красное сальдо? | I4: =IF(AND('ОСВ'!$F4>0,'ОСВ'!$G4>0),"ПРОВЕРИТЬ","ок")
A5: 10 | C5: 200000 | D5: 0 | E5: 150000 | F5: 120000 | G5: 230000 | H5: Красное сальдо? | I5: =IF(AND('ОСВ'!$F5>0,'ОСВ'!$G5>0),"ПРОВЕРИТЬ","ок")
A6: 50 | C6: 50000 | D6: 0 | E6: 30000 | F6: 25000 | G6: 55000 | H6: Красное сальдо? | I6: =IF(AND('ОСВ'!$F6>0,'ОСВ'!$G6>0),"ПРОВЕРИТЬ","ок")
A7: 51 | C7: 300000 | D7: 0 | E7: 450000 | F7: 420000 | G7: 330000 | H7: Красное сальдо? | I7: =IF(AND('ОСВ'!$F7>0,'ОСВ'!$G7>0),"ПРОВЕРИТЬ","ок")
A8: 60 | C8: 0 | D8: 250000 | E8: 200000 | F8: 300000 | G8: 0 | H8: Красное сальдо? | I8: =IF(AND('ОСВ'!$F8>0,'ОСВ'!$G8>0),"ПРОВЕРИТЬ","ок")
A9: 62 | C9: 150000 | D9: 0 | E9: 350000 | F9: 280000 | G9: 220000 | H9: Красное сальдо? | I9: =IF(AND('ОСВ'!$F9>0,'ОСВ'!$G9>0),"ПРОВЕРИТЬ","ок")
A10: 66 | C10: 0 | D10: 500000 | E10: 0 | F10: 100000 | G10: 0 | H10: Красное сальдо? | I10: =IF(AND('ОСВ'!$F10>0,'ОСВ'!$G10>0),"ПРОВЕРИТЬ","ок")
A11: 68 | C11: 0 | D11: 80000 | E11: 90000 | F11: 100000 | G11: 0 | H11: Красное сальдо? | I11: =IF(AND('ОСВ'!$F11>0,'ОСВ'!$G11>0),"ПРОВЕРИТЬ","ок")
A12: 70 | C12: 0 | D12: 200000 | E12: 220000 | F12: 240000 | G12: 0 | H12: Красное сальдо? | I12: =IF(AND('ОСВ'!$F12>0,'ОСВ'!$G12>0),"ПРОВЕРИТЬ","ок")
A13: 80 | C13: 0 | D13: 1000000 | E13: 0 | F13: 0 | G13: 0 | H13: Красное сальдо? | I13: =IF(AND('ОСВ'!$F13>0,'ОСВ'!$G13>0),"ПРОВЕРИТЬ","ок")

Sheet Проверки
A1: Показатель | B1: Факт | C1: Ожидание | D1: Разница | E1: Допуск | F1: Статус
A2: Итог обороты Дт = Кт | B2: =SUM('ОСВ'!$D$4:$D$200) | C2: =SUM('ОСВ'!$E$4:$E$200) | D2: =ABS('Проверки'!$B2-'Проверки'!$C2) | E2: 0.01 | F2: =IF('Проверки'!$D2<='Проверки'!$E2,"OK","FAIL")
A3: Сальдо кон = Дт кон − Кт кон | B3: =SUM('ОСВ'!$F$4:$F$200)-SUM('ОСВ'!$G$4:$G$200) | C3: =SUM('ОСВ'!$B$4:$B$200)-SUM('ОСВ'!$C$4:$C$200)+SUM('ОСВ'!$D$4:$D$200)-SUM('ОСВ'!$E$4:$E$200) | D3: =ABS('Проверки'!$B3-'Проверки'!$C3) | E3: 0.01 | F3: =IF('Проверки'!$D3<='Проверки'!$E3,"OK","FAIL")
